city,state,county,count,FIPS,cleaned_county
Abilene,TX,TAYLOR,1,48441,TAYLOR
Ada,MN,NORMAN,1,27107,NORMAN
Ada,OK,PONTOTOC,5,40123,PONTOTOC
Adel,IA,DALLAS,1,19049,DALLAS
Aiken,SC,AIKEN,3,45003,AIKEN
Aitkin,MN,AITKIN,1,27001,AITKIN
Akron,IA,PLYMOUTH,1,19149,PLYMOUTH
Akron,OH,SUMMIT,1,39153,SUMMIT
Alameda,CA,ALAMEDA,1,6001,ALAMEDA
Alamo,CA,CONTRA COSTA,1,6013,CONTRA COSTA
Albany,NY,ALBANY,1,36001,ALBANY
Albertville,MN,WRIGHT,1,27171,WRIGHT
Albion,IN,NOBLE,1,18113,NOBLE
Alcoa,TN,BLOUNT,1,47009,BLOUNT
Alexander,NC,BUNCOMBE,1,37021,BUNCOMBE
Alexandria,MN,DOUGLAS,1,27041,DOUGLAS
Alexandria,VA,ALEXANDRIA CITY,1,51510,ALEXANDRIA CITY
Algona,IA,KOSSUTH,1,19109,KOSSUTH
Allen,TX,COLLIN,3,48085,COLLIN
Allenton,MI,ST. CLAIR,1,26147,ST. CLAIR
Alsip,IL,COOK,1,17031,COOK
Altonah,UT,DUCHESNE,2,49013,DUCHESNE
Ames,IA,STORY,1,19169,STORY
Andover,MN,ANOKA,2,27003,ANOKA
Ankeny,IA,POLK,1,19153,POLK
Ann Arbor,MI,WASHTENAW,6,26161,WASHTENAW
Anna,TX,COLLIN,1,48085,COLLIN
Annapolis,MD,ANNE ARUNDEL,4,24003,ANNE ARUNDEL
Antioch,IL,LAKE,5,17097,LAKE
Apex,NC,WAKE,1,37183,WAKE
Appleton,WI,OUTAGAMIE,3,55087,OUTAGAMIE
Aquasco,MD,PRINCE GEORGES,2,,
Arden,NC,BUNCOMBE,1,37021,BUNCOMBE
Arlington,TX,TARRANT,1,48439,TARRANT
Arlington,WI,COLUMBIA,1,55021,COLUMBIA
Arnold,MD,ANNE ARUNDEL,1,24003,ANNE ARUNDEL
Arvada,CO,JEFFERSON,1,8059,JEFFERSON
Asbury Park,NJ,MONMOUTH,1,34025,MONMOUTH
Asheboro,NC,RANDOLPH,1,37151,RANDOLPH
Asheville,NC,BUNCOMBE,3,37021,BUNCOMBE
Ashland,NE,SAUNDERS,1,31155,SAUNDERS
Ashland,NY,GREENE,1,36039,GREENE
Ashland,WI,ASHLAND,4,55003,ASHLAND
Aspermont,TX,STONEWALL,1,48433,STONEWALL
Atkinson,NE,HOLT,1,31089,HOLT
Atlanta,GA,FULTON,2,13121,FULTON
Atlanta,TX,CASS,2,48067,CASS
Auburn,IN,DEKALB,1,18033,DEKALB
Auburn Hills,MI,OAKLAND,2,26125,OAKLAND
Augusta,MI,KALAMAZOO,1,26077,KALAMAZOO
Aurora,CO,ARAPAHOE,2,8005,ARAPAHOE
Aurora,IL,DUPAGE,3,17043,DUPAGE
Aurora,ME,HANCOCK,1,23009,HANCOCK
Aurora,MN,ST. LOUIS,1,27137,ST. LOUIS
Austin,TX,TRAVIS,43,48453,TRAVIS
Austwell,TX,REFUGIO,2,48391,REFUGIO
Autryville,NC,SAMPSON,1,37163,SAMPSON
Avon,IN,HENDRICKS,1,18063,HENDRICKS
Avon,OH,LORAIN,1,39093,LORAIN
Avondale,AZ,MARICOPA,1,4013,MARICOPA
Avondale,PA,CHESTER,1,42029,CHESTER
Avondale Estates,GA,DEKALB,1,13089,DEKALB
Bakersville,NC,MITCHELL,1,37121,MITCHELL
Baldwin City,KS,DOUGLAS,1,20045,DOUGLAS
Ballston Lake,NY,SARATOGA,1,36091,SARATOGA
Ballwin,MO,ST. LOUIS,3,29189,ST. LOUIS
Baltimore,MD,BALTIMORE CITY,1,24510,BALTIMORE CITY
Barco,NC,CURRITUCK,1,37053,CURRITUCK
Barnard,VT,WINDSOR,1,50027,WINDSOR
Barnesville,MN,CLAY,1,27027,CLAY
Barnsdall,OK,OSAGE,1,40113,OSAGE
Barnstead,NH,BELKNAP,0,33001,BELKNAP
Baroda,MI,BERRIEN,1,26021,BERRIEN
Barrington,NH,STRAFFORD,1,33017,STRAFFORD
Barrington,RI,BRISTOL,2,44001,BRISTOL
Bastrop,TX,BASTROP,1,48021,BASTROP
Batavia,IL,KANE,1,17089,KANE
Batavia,NY,GENESEE,3,36037,GENESEE
Baton Rouge,LA,EAST BATON ROUGE,5,,
Bay Village,OH,CUYAHOGA,1,39035,CUYAHOGA
Bayfield,WI,BAYFIELD,1,55007,BAYFIELD
Bedford,IN,LAWRENCE,1,18093,LAWRENCE
Bedford,TX,TARRANT,2,48439,TARRANT
Beeville,TX,BEE,8,48025,BEE
Bel Air,MD,HARFORD,1,24025,HARFORD
Belding,MI,IONIA,1,26067,IONIA
Belfast,ME,WALDO,2,23027,WALDO
Belgrade,ME,KENNEBEC,1,23011,KENNEBEC
Belknap,IL,JOHNSON,1,17087,JOHNSON
Bellaire,TX,HARRIS,1,48201,HARRIS
Bellefonte,PA,CENTRE,1,42027,CENTRE
Bellevue,OH,HURON,1,39077,HURON
Bellville,OH,RICHLAND,1,39139,RICHLAND
Belton,TX,BELL,2,48027,BELL
Berkeley,CA,ALAMEDA,4,6001,ALAMEDA
Bernardsville,NJ,SOMERSET,1,34035,SOMERSET
Bethany,CT,NEW HAVEN,1,9009,NEW HAVEN
Bethel,ME,OXFORD,1,23017,OXFORD
Bettendorf,IA,SCOTT,1,19163,SCOTT
Beverly,MA,ESSEX,1,25009,ESSEX
Biddeford,ME,YORK,1,23031,YORK
Big Rock,IL,KANE,1,17089,KANE
Biglerville,PA,ADAMS,1,42001,ADAMS
Billerica,MA,MIDDLESEX,2,25017,MIDDLESEX
Bishopville,MD,WORCESTER,1,24047,WORCESTER
Bismarck,ND,BURLEIGH,2,38015,BURLEIGH
Black River,MI,ALCONA,2,26001,ALCONA
Blackfoot,ID,BINGHAM,1,16011,BINGHAM
Blacksburg,VA,MONTGOMERY,1,51121,MONTGOMERY
Blairsville,PA,INDIANA,1,42063,INDIANA
Blanco,TX,BLANCO,1,48031,BLANCO
Bloomfield,NJ,ESSEX,1,34013,ESSEX
Bloomington,IN,MONROE,1,18105,MONROE
Blossom,TX,LAMAR,3,48277,LAMAR
Blossvale,NY,ONEIDA,2,36065,ONEIDA
Blue Bell,PA,MONTGOMERY,1,42091,MONTGOMERY
Blue Grass,IA,SCOTT,1,19163,SCOTT
Blue Hill,ME,HANCOCK,0,23009,HANCOCK
Blue Mounds,WI,DANE,1,55025,DANE
Bluffton,SC,BEAUFORT,5,45013,BEAUFORT
Blythewood,SC,RICHLAND,1,45079,RICHLAND
Boerne,TX,KENDALL,1,48259,KENDALL
Boise,ID,ADA,3,16001,ADA
Bonita Springs,FL,LEE,3,12071,LEE
Boone,IA,BOONE,1,19015,BOONE
Boulder Junction,WI,VILAS,1,55125,VILAS
Bountiful,UT,DAVIS,0,49011,DAVIS
Boyne City,MI,CHARLEVOIX,1,26029,CHARLEVOIX
Boynton Beach,FL,PALM BEACH,2,12099,PALM BEACH
Bradenton,FL,MANATEE,12,12081,MANATEE
Bradford,NH,MERRIMACK,2,33013,MERRIMACK
Bradley Beach,NJ,MONMOUTH,1,34025,MONMOUTH
Braidwood,IL,WILL,1,17197,WILL
Brainerd,MN,CROW WING,3,27035,CROW WING
Brandon,SD,MINNEHAHA,1,46099,MINNEHAHA
Breaux Bridge,LA,ST. MARTIN,1,,
Brigantine,NJ,ATLANTIC,1,34001,ATLANTIC
Brigham City,UT,BOX ELDER,1,49003,BOX ELDER
Brighton,MI,LIVINGSTON,2,26093,LIVINGSTON
Bristol,CT,HARTFORD,1,9003,HARTFORD
Bristol,VT,ADDISON,1,50001,ADDISON
Broadalbin,NY,FULTON,1,36035,FULTON
Brockport,NY,MONROE,1,36055,MONROE
Brodhead,WI,GREEN,1,55045,GREEN
Broken Arrow,OK,TULSA,5,40143,TULSA
Brookfield,WI,WAUKESHA,2,55133,WAUKESHA
Brookings,SD,BROOKINGS,1,46011,BROOKINGS
Brooklyn,MI,JACKSON,3,26075,JACKSON
Broomfield,CO,BROOMFIELD,4,8014,BROOMFIELD
Bruce,WI,RUSK,1,55107,RUSK
Brunswick,ME,CUMBERLAND,2,23005,CUMBERLAND
Bucksport,ME,HANCOCK,1,23009,HANCOCK
Bucyrus,OH,CRAWFORD,1,39033,CRAWFORD
Buda,TX,HAYS,2,48209,HAYS
Buena Park,CA,ORANGE,2,6059,ORANGE
Buffalo,IA,SCOTT,1,19163,SCOTT
Buffalo,NY,ERIE,5,36029,ERIE
Buford,GA,GWINNETT,1,13135,GWINNETT
Buhler,KS,RENO,1,20155,RENO
Bunker Hill,WV,BERKELEY,1,54003,BERKELEY
Burbank,CA,LOS ANGELES,1,6037,LOS ANGELES
Burlington,PA,BRADFORD,1,42015,BRADFORD
Burlington,WI,RACINE,2,55101,RACINE
Burnsville,NC,YANCEY,1,37199,YANCEY
Cabin John,MD,MONTGOMERY,1,24031,MONTGOMERY
Calera,OK,BRYAN,1,40013,BRYAN
Calhoun,GA,GORDON,1,13129,GORDON
Cambridge Springs,PA,CRAWFORD,1,42039,CRAWFORD
Cameron,LA,CAMERON,3,,
Camp Lejeune,NC,ONSLOW,1,37133,ONSLOW
Canal Winchester,OH,FRANKLIN,1,39049,FRANKLIN
Canonsburg,PA,WASHINGTON,1,42125,WASHINGTON
Canton,OH,STARK,2,39151,STARK
Canton,TX,VAN ZANDT,2,48467,VAN ZANDT
Canyon Lake,TX,COMAL,1,48091,COMAL
Cape Charles,VA,NORTHAMPTON,2,51131,NORTHAMPTON
Cape Coral,FL,LEE,1,12071,LEE
Cape May,NJ,CAPE MAY,1,34009,CAPE MAY
Carbondale,IL,JACKSON,1,17077,JACKSON
Carlsbad,CA,SAN DIEGO,3,6073,SAN DIEGO
Carmel,IN,HAMILTON,1,18057,HAMILTON
Carol Stream,IL,DUPAGE,1,17043,DUPAGE
Carrollton,TX,DALLAS,2,48113,DALLAS
Carson City,MI,MONTCALM,1,26117,MONTCALM
Cary,IL,MCHENRY,3,17111,MCHENRY
Cary,NC,WAKE,6,37183,WAKE
Cashiers,NC,JACKSON,2,37099,JACKSON
Castle Rock,MN,DAKOTA,2,27037,DAKOTA
Catawba,VA,ROANOKE,1,51161,ROANOKE
Cathedral City,CA,RIVERSIDE,1,6065,RIVERSIDE
Cato,NY,CAYUGA,1,36011,CAYUGA
Catonsville,MD,BALTIMORE,4,24005,BALTIMORE
Caulfield,MO,HOWELL,4,29091,HOWELL
Cedar Falls,IA,BLACK HAWK,2,19013,BLACK HAWK
Cedar Grove,WI,SHEBOYGAN,1,55117,SHEBOYGAN
Cedar Hill,TN,ROBERTSON,1,47147,ROBERTSON
Cedar Rapids,IA,LINN,1,19113,LINN
Centreville,MD,QUEEN ANNES,2,,
Chadds Ford,PA,DELAWARE,2,42045,DELAWARE
Chagrin Falls,OH,CUYAHOGA,5,39035,CUYAHOGA
Chapel Hill,NC,ORANGE,3,37135,ORANGE
Charleston,SC,CHARLESTON,7,45019,CHARLESTON
Charlotte,MI,EATON,2,26045,EATON
Charlotte,NC,MECKLENBURG,5,37119,MECKLENBURG
Charlotte,VT,CHITTENDEN,1,50007,CHITTENDEN
Chatsworth,GA,MURRAY,1,13213,MURRAY
Chelsea,AL,SHELBY,0,1117,SHELBY
Chelsea,MI,WASHTENAW,1,26161,WASHTENAW
Chelsea,OK,ROGERS,1,40131,ROGERS
Cherryville,NC,GASTON,1,37071,GASTON
Chesapeake,VA,CHESAPEAKE CITY,11,51550,CHESAPEAKE CITY
Chester,NH,ROCKINGHAM,1,33015,ROCKINGHAM
Chester,VA,CHESTERFIELD,1,51041,CHESTERFIELD
Chester,WV,HANCOCK,1,54029,HANCOCK
Chester Springs,PA,CHESTER,1,42029,CHESTER
Chicago,IL,COOK,10,17031,COOK
Chico,TX,WISE,1,48497,WISE
China Spring,TX,MCLENNAN,1,48309,MCLENNAN
Choctaw,OK,OKLAHOMA,1,40109,OKLAHOMA
Chula Vista,CA,SAN DIEGO,8,6073,SAN DIEGO
Cibolo,TX,GUADALUPE,1,48187,GUADALUPE
Cincinnati,OH,HAMILTON,3,39061,HAMILTON
Claremont,NH,SULLIVAN,7,33019,SULLIVAN
Clarksville,MD,HOWARD,2,24027,HOWARD
Clawson,MI,OAKLAND,1,26125,OAKLAND
Clayton,NC,JOHNSTON,3,37101,JOHNSTON
Clearwater,FL,PINELLAS,3,12103,PINELLAS
Cleburne,TX,JOHNSON,1,48251,JOHNSON
Cleveland,TN,BRADLEY,1,47011,BRADLEY
Clinton,CT,MIDDLESEX,2,9007,MIDDLESEX
Clinton,IN,VERMILLION,1,18165,VERMILLION
Cochise,AZ,COCHISE,1,4003,COCHISE
Colgate,WI,WASHINGTON,1,55131,WASHINGTON
College Station,TX,BRAZOS,1,48041,BRAZOS
Cologne,MN,CARVER,1,27019,CARVER
Colorado Springs,CO,EL PASO,1,8041,EL PASO
Columbia,IL,MONROE,1,17133,MONROE
Columbia,SC,RICHLAND,0,45079,RICHLAND
Columbia,TN,MAURY,3,47119,MAURY
Columbus,OH,FRANKLIN,7,39049,FRANKLIN
Concord,NH,MERRIMACK,3,33013,MERRIMACK
Connellsville,PA,FAYETTE,2,42051,FAYETTE
Conway,AR,FAULKNER,1,5045,FAULKNER
Cooperstown,NY,OTSEGO,1,36077,OTSEGO
Coopersville,MI,OTTAWA,1,26139,OTTAWA
Coppell,TX,DALLAS,1,48113,DALLAS
Coral Gables,FL,MIAMI-DADE,1,12086,MIAMI-DADE
Corona,CA,RIVERSIDE,3,6065,RIVERSIDE
Coronado,CA,SAN DIEGO,1,6073,SAN DIEGO
Corpus Christi,TX,NUECES,7,48355,NUECES
Corvallis,OR,BENTON,2,41003,BENTON
Costa Mesa,CA,ORANGE,1,6059,ORANGE
Cottage Grove,MN,WASHINGTON,1,27163,WASHINGTON
Cottage Grove,WI,DANE,1,55025,DANE
Council Bluffs,IA,POTTAWATTAMIE,2,19155,POTTAWATTAMIE
Covington,LA,ST. TAMMANY,1,,
Creedmoor,NC,GRANVILLE,1,37077,GRANVILLE
Creighton,NE,KNOX,2,31107,KNOX
Crestwood,KY,OLDHAM,1,21185,OLDHAM
Crofton,MD,ANNE ARUNDEL,1,24003,ANNE ARUNDEL
Crosby,MN,CROW WING,2,27035,CROW WING
Cross Hill,SC,LAURENS,1,45059,LAURENS
Crowley,TX,TARRANT,1,48439,TARRANT
Crystal Lake,IL,MCHENRY,1,17111,MCHENRY
Culver City,CA,LOS ANGELES,1,6037,LOS ANGELES
Cumberland,WI,BARRON,1,55005,BARRON
Cut Off,LA,LAFOURCHE,4,,
Daleville,IN,DELAWARE,1,18035,DELAWARE
Dallas,PA,LUZERNE,1,42079,LUZERNE
Dallas,TX,DALLAS,8,48113,DALLAS
Danbury,WI,BURNETT,1,55013,BURNETT
Danville,KY,BOYLE,3,21021,BOYLE
Darien,CT,FAIRFIELD,2,9001,FAIRFIELD
Darrow,LA,ASCENSION,1,,
Dauphin Island,AL,MOBILE,1,1097,MOBILE
Davenport,IA,SCOTT,2,19163,SCOTT
Davidson,NC,MECKLENBURG,1,37119,MECKLENBURG
Davison,MI,GENESEE,2,26049,GENESEE
Dayton,OH,MONTGOMERY,1,39113,MONTGOMERY
Decatur,GA,DEKALB,1,13089,DEKALB
Decatur,IL,MACON,1,17115,MACON
Delphos,OH,ALLEN,1,39003,ALLEN
Delray Beach,FL,PALM BEACH,1,12099,PALM BEACH
Deltona,FL,VOLUSIA,3,12127,VOLUSIA
Dennis,MA,BARNSTABLE,1,25001,BARNSTABLE
Dennison,MN,GOODHUE,1,27049,GOODHUE
Derby,CT,NEW HAVEN,1,9009,NEW HAVEN
Derry,NH,ROCKINGHAM,1,33015,ROCKINGHAM
Des Moines,IA,POLK,2,19153,POLK
Des Plaines,IL,COOK,1,17031,COOK
Detroit,MI,WAYNE,1,26163,WAYNE
Dewey,OK,WASHINGTON,1,40147,WASHINGTON
Dickerson,MD,MONTGOMERY,1,24031,MONTGOMERY
Dickinson,TX,GALVESTON,1,48167,GALVESTON
Discovery Bay,CA,CONTRA COSTA,1,6013,CONTRA COSTA
Dodge Center,MN,DODGE,1,27039,DODGE
Douglas,MA,WORCESTER,1,25027,WORCESTER
Dover,DE,KENT,1,10001,KENT
Drexel Hill,PA,DELAWARE,1,42045,DELAWARE
Driftwood,TX,HAYS,1,48209,HAYS
Dripping Springs,TX,HAYS,1,48209,HAYS
Drumright,OK,CREEK,1,40037,CREEK
Dublin,TX,ERATH,2,48143,ERATH
Dubuque,IA,DUBUQUE,1,19061,DUBUQUE
Durant,OK,BRYAN,2,40013,BRYAN
Durham,CT,MIDDLESEX,1,9007,MIDDLESEX
Durham,NH,STRAFFORD,1,33017,STRAFFORD
Dutch John,UT,DAGGETT,1,49009,DAGGETT
Dysart,IA,TAMA,2,19171,TAMA
Eagle Point,OR,JACKSON,1,41029,JACKSON
Eagle River,WI,VILAS,1,55125,VILAS
East Greenbush,NY,RENSSELAER,1,36083,RENSSELAER
East Hartford,CT,HARTFORD,2,9003,HARTFORD
East Haven,CT,NEW HAVEN,1,9009,NEW HAVEN
East Jordan,MI,CHARLEVOIX,1,26029,CHARLEVOIX
East Rockaway,NY,NASSAU,2,36059,NASSAU
Easthampton,MA,HAMPSHIRE,1,25015,HAMPSHIRE
Easton,MD,TALBOT,0,24041,TALBOT
Easton,PA,NORTHAMPTON,3,42095,NORTHAMPTON
Eastpointe,MI,MACOMB,1,26099,MACOMB
Eaton Rapids,MI,EATON,1,26045,EATON
Eau Claire,WI,EAU CLAIRE,3,55035,EAU CLAIRE
Edgerton,WI,ROCK,1,55105,ROCK
Edinburg,TX,HIDALGO,2,48215,HIDALGO
Edmond,OK,OKLAHOMA,3,40109,OKLAHOMA
Edwardsburg,MI,CASS,1,26027,CASS
Effingham,NH,CARROLL,0,33003,CARROLL
Egg Harbor City,NJ,ATLANTIC,2,34001,ATLANTIC
El Cajon,CA,SAN DIEGO,1,6073,SAN DIEGO
El Paso,TX,EL PASO,1,48141,EL PASO
El Reno,OK,CANADIAN,1,40017,CANADIAN
Elizabethtown,PA,LANCASTER,1,42071,LANCASTER
Elk River,MN,SHERBURNE,1,27141,SHERBURNE
Elmhurst,IL,DUPAGE,4,17043,DUPAGE
Elmira,NY,CHEMUNG,1,36015,CHEMUNG
Elmore City,OK,GARVIN,1,40049,GARVIN
Elyria,OH,LORAIN,1,39093,LORAIN
Emigrant,MT,PARK,1,30067,PARK
Empire,MI,LEELANAU,2,26089,LEELANAU
Englewood,NJ,BERGEN,2,34003,BERGEN
Enid,OK,GARFIELD,1,40047,GARFIELD
Enterprise,AL,COFFEE,0,1031,COFFEE
Erwin,TN,UNICOI,1,47171,UNICOI
Evanston,IL,COOK,2,17031,COOK
Eveleth,MN,ST. LOUIS,1,27137,ST. LOUIS
Exeter,NH,ROCKINGHAM,2,33015,ROCKINGHAM
Fair Lawn,NJ,BERGEN,1,34003,BERGEN
Fair Oaks,CA,SACRAMENTO,1,6067,SACRAMENTO
Fairbury,IL,LIVINGSTON,1,17105,LIVINGSTON
Fairfax,VA,FAIRFAX CITY,1,51600,FAIRFAX CITY
Fairfax,VT,CHITTENDEN,1,50007,CHITTENDEN
Fairfield,CT,FAIRFIELD,1,9001,FAIRFIELD
Fairfield,OH,BUTLER,2,39017,BUTLER
Fairhope,AL,BALDWIN,1,1003,BALDWIN
Fairport,NY,MONROE,2,36055,MONROE
Fairview,OK,MAJOR,1,40093,MAJOR
Falls Church,VA,FALLS CHURCH CITY,2,51610,FALLS CHURCH CITY
Falmouth,MA,BARNSTABLE,3,25001,BARNSTABLE
Fargo,ND,CASS,1,38017,CASS
Faribault,MN,RICE,0,27131,RICE
Farmington,MI,OAKLAND,3,26125,OAKLAND
Farmington,MO,ST. FRANCOIS,2,29187,ST. FRANCOIS
Farmington,NY,ONTARIO,1,36069,ONTARIO
Farwell,MI,CLARE,2,26035,CLARE
Fayetteville,AR,WASHINGTON,1,5143,WASHINGTON
Fernandina Beach,FL,NASSAU,14,12089,NASSAU
Ferndale,MI,OAKLAND,1,26125,OAKLAND
Fernley,NV,LYON,1,32019,LYON
Fertile,MN,POLK,1,27119,POLK
Fish Haven,ID,BEAR LAKE,1,16007,BEAR LAKE
Flagstaff,AZ,COCONINO,1,4005,COCONINO
Flat Rock,MI,WAYNE,0,26163,WAYNE
Fleetwood,PA,BERKS,2,42011,BERKS
Fletcher,NC,HENDERSON,1,37089,HENDERSON
Florence,KY,BOONE,1,21015,BOONE
Fontanet,IN,VIGO,1,18167,VIGO
Forney,TX,KAUFMAN,1,48257,KAUFMAN
Fort Edward,NY,WASHINGTON,1,36115,WASHINGTON
Fort Leavenworth,KS,LEAVENWORTH,1,20103,LEAVENWORTH
Fort Sill,OK,COMANCHE,1,40031,COMANCHE
Fort Smith,AR,SEBASTIAN,1,5131,SEBASTIAN
Fort Wayne,IN,ALLEN,4,18003,ALLEN
Fort Worth,TX,TARRANT,1,48439,TARRANT
Frankenmuth,MI,SAGINAW,1,26145,SAGINAW
Frankfort,IN,CLINTON,1,18023,CLINTON
Franklin,TN,WILLIAMSON,0,47187,WILLIAMSON
Franklin,WI,MILWAUKEE,1,55079,MILWAUKEE
Frederick,MD,FREDERICK,2,24021,FREDERICK
Fredericktown,OH,KNOX,1,39083,KNOX
Freeland,PA,LUZERNE,2,42079,LUZERNE
Freeport,ME,CUMBERLAND,1,23005,CUMBERLAND
Freeville,NY,TOMPKINS,1,36109,TOMPKINS
Fremont,OH,SANDUSKY,1,39143,SANDUSKY
Friendsville,TN,BLOUNT,15,47009,BLOUNT
Friendswood,TX,GALVESTON,1,48167,GALVESTON
Fullerton,CA,ORANGE,9,6059,ORANGE
Fulton,MD,HOWARD,1,24027,HOWARD
Gainesville,FL,ALACHUA,2,12001,ALACHUA
Gainesville,GA,HALL,2,13139,HALL
Gansevoort,NY,SARATOGA,1,36091,SARATOGA
Gardena,CA,LOS ANGELES,1,6037,LOS ANGELES
Gardiner,MT,PARK,2,30067,PARK
Gardner,MA,WORCESTER,1,25027,WORCESTER
Garland,TX,DALLAS,2,48113,DALLAS
Garretson,SD,MINNEHAHA,1,46099,MINNEHAHA
Garrison,MN,CROW WING,1,27035,CROW WING
Gary,IN,LAKE,2,18089,LAKE
Gause,TX,MILAM,1,48331,MILAM
Geneseo,IL,HENRY,1,17073,HENRY
Geneseo,NY,LIVINGSTON,1,36051,LIVINGSTON
Georgetown,TX,WILLIAMSON,3,48491,WILLIAMSON
Glen Rose,TX,SOMERVELL,1,48425,SOMERVELL
Glendora,CA,LOS ANGELES,2,6037,LOS ANGELES
Glenpool,OK,TULSA,1,40143,TULSA
Glenview,IL,COOK,1,17031,COOK
Glenwood,IA,MILLS,1,19129,MILLS
Gloucester Point,VA,GLOUCESTER,2,51073,GLOUCESTER
Gomer,OH,ALLEN,1,39003,ALLEN
Gouldsboro,ME,HANCOCK,3,23009,HANCOCK
Grafton,MA,WORCESTER,1,25027,WORCESTER
Granby,MA,HAMPSHIRE,1,25015,HAMPSHIRE
Grand Haven,MI,OTTAWA,1,26139,OTTAWA
Grand Ledge,MI,EATON,1,26045,EATON
Grand Marais,MN,COOK,3,27031,COOK
Grand Portage,MN,COOK,1,27031,COOK
Grand Rapids,MI,KENT,5,26081,KENT
Grand Terrace,CA,SAN BERNARDINO,3,6071,SAN BERNARDINO
Grants Pass,OR,JOSEPHINE,0,41033,JOSEPHINE
Grantsville,UT,TOOELE,2,49045,TOOELE
Grayling,MI,CRAWFORD,2,26039,CRAWFORD
Grayslake,IL,LAKE,2,17097,LAKE
Greeley,CO,WELD,1,8123,WELD
Green Bay,WI,BROWN,2,55009,BROWN
Green Cove Springs,FL,CLAY,2,12019,CLAY
Green Lake,WI,GREEN LAKE,1,55047,GREEN LAKE
Greenfield,IN,HANCOCK,1,18059,HANCOCK
Greensboro,NC,GUILFORD,0,37081,GUILFORD
Greensburg,PA,WESTMORELAND,2,42129,WESTMORELAND
Greenville,NC,PITT,3,37147,PITT
Greenville,OH,DARKE,1,39037,DARKE
Greenwich,NY,WASHINGTON,1,36115,WASHINGTON
Gregory,MI,LIVINGSTON,1,26093,LIVINGSTON
Groton,CT,NEW LONDON,1,9011,NEW LONDON
Grove,OK,DELAWARE,0,40041,DELAWARE
Grove City,OH,FRANKLIN,1,39049,FRANKLIN
Groveland,MA,ESSEX,1,25009,ESSEX
Grundy Center,IA,GRUNDY,1,19075,GRUNDY
Guilford,CT,NEW HAVEN,1,9009,NEW HAVEN
Gulliver,MI,SCHOOLCRAFT,1,26153,SCHOOLCRAFT
Gunter,TX,GRAYSON,3,48181,GRAYSON
Gurnee,IL,LAKE,1,17097,LAKE
Guthrie,OK,LOGAN,1,40083,LOGAN
Hackberry,LA,CAMERON,1,,
Hackensack,NJ,BERGEN,1,34003,BERGEN
Hackettstown,NJ,WARREN,1,34041,WARREN
Hagerman,ID,GOODING,1,16047,GOODING
Hagerstown,MD,WASHINGTON,1,24043,WASHINGTON
Halifax,PA,DAUPHIN,0,42043,DAUPHIN
Hallowell,ME,KENNEBEC,2,23011,KENNEBEC
Hamden,CT,NEW HAVEN,0,9009,NEW HAVEN
Hamilton,OH,BUTLER,1,39017,BUTLER
Hammond,IN,LAKE,1,18089,LAKE
Hampden,MA,HAMPDEN,1,25013,HAMPDEN
Hampton,MN,DAKOTA,0,27037,DAKOTA
Hancock,ME,HANCOCK,1,23009,HANCOCK
Hannibal,NY,OSWEGO,2,36075,OSWEGO
Hanover,MA,PLYMOUTH,1,25023,PLYMOUTH
Hanover,NH,GRAFTON,1,33009,GRAFTON
Harper,TX,GILLESPIE,1,48171,GILLESPIE
Hartley,IA,OBRIEN,1,,
Harvard,IL,MCHENRY,1,17111,MCHENRY
Harwinton,CT,LITCHFIELD,1,9005,LITCHFIELD
Haverhill,MA,ESSEX,2,25009,ESSEX
Haviland,OH,PAULDING,1,39125,PAULDING
Hayward,CA,ALAMEDA,1,6001,ALAMEDA
Hazard,KY,PERRY,1,21193,PERRY
Heber City,UT,WASATCH,1,49051,WASATCH
Hendersonville,TN,SUMNER,1,47165,SUMNER
Herman,MN,GRANT,1,27051,GRANT
Herndon,VA,FAIRFAX,1,51059,FAIRFAX
Hesston,KS,HARVEY,1,20079,HARVEY
Highland,MI,OAKLAND,3,26125,OAKLAND
Highland,WI,IOWA,2,55049,IOWA
Hightstown,NJ,MERCER,1,34021,MERCER
Hillsboro,ND,TRAILL,2,38097,TRAILL
Hillsboro,OR,WASHINGTON,1,41067,WASHINGTON
Hilton Head Island,SC,BEAUFORT,6,45013,BEAUFORT
Hingham,MA,PLYMOUTH,4,25023,PLYMOUTH
Hinsdale,IL,DUPAGE,2,17043,DUPAGE
Hobart,IN,LAKE,2,18089,LAKE
Holland,MI,OTTAWA,1,26139,OTTAWA
Holt,MI,INGHAM,1,26065,INGHAM
Homewood,IL,COOK,1,17031,COOK
Hookstown,PA,BEAVER,1,42007,BEAVER
Hopewell Junction,NY,DUTCHESS,2,36027,DUTCHESS
Horsham,PA,MONTGOMERY,2,42091,MONTGOMERY
Houma,LA,TERREBONNE,2,,
Houston,TX,HARRIS,12,48201,HARRIS
Howard Lake,MN,WRIGHT,1,27171,WRIGHT
Howe,OK,LE FLORE,1,40079,LE FLORE
Hubbard Lake,MI,ALPENA,1,26007,ALPENA
Hudson,NC,CALDWELL,1,37027,CALDWELL
Hudson,NY,COLUMBIA,2,36021,COLUMBIA
Hudson,WI,ST. CROIX,3,55109,ST. CROIX
Hugoton,KS,STEVENS,1,20189,STEVENS
Hull,MA,PLYMOUTH,1,25023,PLYMOUTH
Humboldt,KS,ALLEN,1,20001,ALLEN
Huntingdon,PA,HUNTINGDON,1,42061,HUNTINGDON
Huntington Park,CA,LOS ANGELES,1,6037,LOS ANGELES
Huntsville,AL,MADISON,1,1089,MADISON
Hutto,TX,WILLIAMSON,1,48491,WILLIAMSON
Hyde Park,NY,DUTCHESS,1,36027,DUTCHESS
Illinois City,IL,ROCK ISLAND,1,17161,ROCK ISLAND
Independence,IA,BUCHANAN,5,19019,BUCHANAN
Indian Lake,NY,HAMILTON,4,36041,HAMILTON
Indian Wells,CA,RIVERSIDE,9,6065,RIVERSIDE
Indianapolis,IN,MARION,1,18097,MARION
Inlet,NY,HAMILTON,1,36041,HAMILTON
Inverness,FL,CITRUS,1,12017,CITRUS
Iowa,LA,CALCASIEU,1,,
Iowa City,IA,JOHNSON,4,19103,JOHNSON
Ipswich,MA,ESSEX,3,25009,ESSEX
Iron Mountain,MI,DICKINSON,1,26043,DICKINSON
Irving,TX,DALLAS,1,48113,DALLAS
Irwin,PA,WESTMORELAND,1,42129,WESTMORELAND
Itasca,IL,DUPAGE,1,17043,DUPAGE
Ivesdale,IL,CHAMPAIGN,1,17019,CHAMPAIGN
Jackson,MI,JACKSON,3,26075,JACKSON
Jacksonville,AL,CALHOUN,1,1015,CALHOUN
Jacksonville,FL,DUVAL,6,12031,DUVAL
Jamestown,NY,CHAUTAUQUA,2,36013,CHAUTAUQUA
Jarrettsville,MD,HARFORD,2,24025,HARFORD
Jasper,IN,DUBOIS,1,18037,DUBOIS
Jefferson,NC,ASHE,1,37009,ASHE
Jefferson City,MO,COLE,1,29051,COLE
Jericho,VT,CHITTENDEN,1,50007,CHITTENDEN
Johns Island,SC,CHARLESTON,1,45019,CHARLESTON
Johnsburg,NY,WARREN,6,36113,WARREN
Johnston,IA,POLK,1,19153,POLK
Joliet,IL,WILL,1,17197,WILL
Jonesboro,AR,CRAIGHEAD,2,5031,CRAIGHEAD
Joplin,MO,JASPER,1,29097,JASPER
Jordan,NY,ONONDAGA,1,36067,ONONDAGA
Joshua Tree,CA,SAN BERNARDINO,1,6071,SAN BERNARDINO
Kalkaska,MI,KALKASKA,1,26079,KALKASKA
Kalona,IA,WASHINGTON,2,19183,WASHINGTON
Kansas City,KS,WYANDOTTE,1,20209,WYANDOTTE
Katy,TX,HARRIS,5,48201,HARRIS
Kaysville,UT,DAVIS,5,49011,DAVIS
Keene,NH,CHESHIRE,1,33005,CHESHIRE
Keeseville,NY,CLINTON,1,36019,CLINTON
Keller,TX,TARRANT,1,48439,TARRANT
Kenansville,NC,DUPLIN,2,37061,DUPLIN
Kenly,NC,JOHNSTON,1,37101,JOHNSTON
Kenosha,WI,KENOSHA,0,55059,KENOSHA
Kenton,OH,HARDIN,2,39065,HARDIN
Kewaskum,WI,WASHINGTON,4,55131,WASHINGTON
Killeen,TX,BELL,3,48027,BELL
Kilmarnock,VA,LANCASTER,1,51103,LANCASTER
Kinderhook,NY,COLUMBIA,1,36021,COLUMBIA
Kingsland,GA,CAMDEN,2,13039,CAMDEN
Kingston,OK,MARSHALL,1,40095,MARSHALL
Kittery,ME,YORK,1,23031,YORK
Klamath Falls,OR,KLAMATH,1,41035,KLAMATH
Knoxville,MD,FREDERICK,1,24021,FREDERICK
Knoxville,TN,KNOX,1,47093,KNOX
Kokomo,IN,HOWARD,1,18067,HOWARD
Kooskia,ID,IDAHO,1,16049,IDAHO
Kunkletown,PA,MONROE,1,42089,MONROE
Kurten,TX,BRAZOS,1,48041,BRAZOS
La Farge,WI,VERNON,1,55123,VERNON
La Mesa,CA,SAN DIEGO,1,6073,SAN DIEGO
La Porte,TX,HARRIS,1,48201,HARRIS
Lafayette,LA,LAFAYETTE,1,,
Lafayette Hill,PA,MONTGOMERY,2,42091,MONTGOMERY
Lake Elmo,MN,WASHINGTON,1,27163,WASHINGTON
Lake George,NY,WARREN,2,36113,WARREN
Lake Lillian,MN,KANDIYOHI,1,27067,KANDIYOHI
Lake Park,MN,BECKER,1,27005,BECKER
Lake Station,IN,LAKE,1,18089,LAKE
Lake Villa,IL,LAKE,4,17097,LAKE
Lakeland,FL,POLK,2,12105,POLK
Lakeland,MN,WASHINGTON,1,27163,WASHINGTON
Lakeside,CA,SAN DIEGO,1,6073,SAN DIEGO
Lakeview,OH,LOGAN,1,39091,LOGAN
Lakeville,OH,HOLMES,1,39075,HOLMES
Lakewood,OH,CUYAHOGA,1,39035,CUYAHOGA
Lancaster,NY,ERIE,1,36029,ERIE
Lancaster,PA,LANCASTER,3,42071,LANCASTER
Lansdale,PA,MONTGOMERY,1,42091,MONTGOMERY
Lansdowne,PA,DELAWARE,1,42045,DELAWARE
Lansing,MI,INGHAM,2,26065,INGHAM
Laona,WI,FOREST,1,55041,FOREST
Las Vegas,NV,CLARK,1,32003,CLARK
Laurel,DE,SUSSEX,1,10005,SUSSEX
Laurel,MD,PRINCE GEORGES,1,,
Lawrence,KS,DOUGLAS,4,20045,DOUGLAS
Lawrence Township,NJ,MERCER,1,34021,MERCER
Lawrenceville,GA,GWINNETT,1,13135,GWINNETT
Le Claire,IA,SCOTT,1,19163,SCOTT
Le Roy,NY,GENESEE,1,36037,GENESEE
Le Sueur,MN,LE SUEUR,2,27079,LE SUEUR
League City,TX,GALVESTON,1,48167,GALVESTON
Leander,TX,WILLIAMSON,1,48491,WILLIAMSON
Lecanto,FL,CITRUS,1,12017,CITRUS
Leeds,ME,ANDROSCOGGIN,1,23001,ANDROSCOGGIN
Lehi,UT,UTAH,1,49049,UTAH
Lenhartsville,PA,BERKS,1,42011,BERKS
Leonia,NJ,BERGEN,1,34003,BERGEN
Lewes,DE,SUSSEX,3,10005,SUSSEX
Lewisburg,PA,UNION,2,42119,UNION
Lexington,KY,FAYETTE,5,21067,FAYETTE
Lexington,VA,LEXINGTON CITY,1,51678,LEXINGTON CITY
Lincoln,NE,LANCASTER,2,31109,LANCASTER
Lincolnville,ME,WALDO,3,23027,WALDO
Lisbon,IA,LINN,1,19113,LINN
Lisle,IL,DUPAGE,1,17043,DUPAGE
Little Cedar,IA,MITCHELL,3,19131,MITCHELL
Little Falls,NJ,PASSAIC,1,34031,PASSAIC
Little Silver,NJ,MONMOUTH,1,34025,MONMOUTH
Livonia,MI,WAYNE,3,26163,WAYNE
Lockport,NY,NIAGARA,3,36063,NIAGARA
Lone Oak,TX,HUNT,1,48231,HUNT
Long Beach,CA,LOS ANGELES,2,6037,LOS ANGELES
Long Lake,NY,HAMILTON,1,36041,HAMILTON
Lorain,OH,LORAIN,8,39093,LORAIN
Los Angeles,CA,LOS ANGELES,5,6037,LOS ANGELES
Louisville,KY,JEFFERSON,4,21111,JEFFERSON
Lower Salem,OH,WASHINGTON,1,39167,WASHINGTON
Loyal,WI,CLARK,2,55019,CLARK
Lubec,ME,WASHINGTON,1,23029,WASHINGTON
Lunenburg,MA,WORCESTER,1,25027,WORCESTER
Lusby,MD,CALVERT,3,24009,CALVERT
Lyman,SC,SPARTANBURG,1,45083,SPARTANBURG
Lyons,NE,BURT,6,31021,BURT
Mabel,MN,FILLMORE,1,27045,FILLMORE
Mableton,GA,COBB,1,13067,COBB
Macon,MO,MACON,1,29121,MACON
Madison,CT,NEW HAVEN,1,9009,NEW HAVEN
Madison,WI,DANE,23,55025,DANE
Madrid,IA,BOONE,1,19015,BOONE
Malvern,IA,MILLS,2,19129,MILLS
Manchester,IA,DELAWARE,1,19055,DELAWARE
Manchester,MI,WASHTENAW,1,26161,WASHTENAW
Manchester,NH,HILLSBOROUGH,1,33011,HILLSBOROUGH
Manheim,PA,LANCASTER,1,42071,LANCASTER
Manistee,MI,MANISTEE,4,26101,MANISTEE
Mankato,MN,BLUE EARTH,1,27013,BLUE EARTH
Mansfield,TX,TARRANT,2,48439,TARRANT
Manton,MI,WEXFORD,1,26165,WEXFORD
Mapleton,ND,CASS,5,38017,CASS
Maquoketa,IA,JACKSON,1,19097,JACKSON
Marcellus,NY,ONONDAGA,1,36067,ONONDAGA
Margaretville,NY,DELAWARE,1,36025,DELAWARE
Marietta,GA,COBB,3,13067,COBB
Marietta,OH,WASHINGTON,1,39167,WASHINGTON
Marilla,NY,ERIE,1,36029,ERIE
Marion,IN,GRANT,1,18053,GRANT
Marion,NY,WAYNE,1,36117,WAYNE
Mars,PA,BUTLER,0,42019,BUTLER
Marshall,MN,LYON,2,27083,LYON
Marshall,VA,FAUQUIER,2,51061,FAUQUIER
Martinsville,IN,MORGAN,1,18109,MORGAN
Martinsville,VA,MARTINSVILLE CITY,1,51690,MARTINSVILLE CITY
Mary Esther,FL,OKALOOSA,1,12091,OKALOOSA
Marysville,PA,PERRY,2,42099,PERRY
Mason City,IA,CERRO GORDO,1,19033,CERRO GORDO
Massapequa,NY,NASSAU,5,36059,NASSAU
Mattapoisett,MA,PLYMOUTH,1,25023,PLYMOUTH
Mayville,MI,TUSCOLA,1,26157,TUSCOLA
Mayville,WI,DODGE,1,55027,DODGE
Mead,OK,BRYAN,1,40013,BRYAN
Mechanicsville,VA,HANOVER,1,51085,HANOVER
Medford,NJ,BURLINGTON,1,34005,BURLINGTON
Medford,OR,JACKSON,4,41029,JACKSON
Media,PA,DELAWARE,1,42045,DELAWARE
Melbourne,FL,BREVARD,2,12009,BREVARD
Menard,TX,MENARD,1,48327,MENARD
Menifee,CA,RIVERSIDE,3,6065,RIVERSIDE
Menomonee Falls,WI,WAUKESHA,1,55133,WAUKESHA
Menomonie,WI,DUNN,1,55033,DUNN
Mentor,OH,LAKE,1,39085,LAKE
Mequon,WI,OZAUKEE,1,55089,OZAUKEE
Mercer,WI,IRON,3,55051,IRON
Meriden,KS,JEFFERSON,1,20087,JEFFERSON
Meridian,ID,ADA,1,16001,ADA
Meridianville,AL,MADISON,1,1089,MADISON
Merrick,NY,NASSAU,1,36059,NASSAU
Merryville,LA,BEAUREGARD,1,,
Mesilla,NM,DONA ANA,1,,
Mesquite,TX,DALLAS,1,48113,DALLAS
Metairie,LA,JEFFERSON,3,,
Miami,FL,MIAMI-DADE,5,12086,MIAMI-DADE
Middleton,ID,CANYON,2,16027,CANYON
Middleton,WI,DANE,1,55025,DANE
Middletown,DE,NEW CASTLE,2,10003,NEW CASTLE
Middletown,MD,FREDERICK,2,24021,FREDERICK
Midlothian,TX,ELLIS,1,48139,ELLIS
Midway,FL,GADSDEN,1,12039,GADSDEN
Mifflinburg,PA,UNION,1,42119,UNION
Milbank,SD,GRANT,1,46051,GRANT
Milford,MA,WORCESTER,1,25027,WORCESTER
Millersville,MD,ANNE ARUNDEL,1,24003,ANNE ARUNDEL
Millinocket,ME,PENOBSCOT,3,23019,PENOBSCOT
Milton,DE,SUSSEX,1,10005,SUSSEX
Milton,NH,STRAFFORD,1,33017,STRAFFORD
Milwaukee,WI,MILWAUKEE,6,55079,MILWAUKEE
Mineola,TX,WOOD,2,48499,WOOD
Minneapolis,MN,HENNEPIN,14,27053,HENNEPIN
Minnetonka,MN,HENNEPIN,1,27053,HENNEPIN
Missoula,MT,MISSOULA,1,30063,MISSOULA
Missouri City,TX,FORT BEND,1,48157,FORT BEND
Mize,KY,MORGAN,2,21175,MORGAN
Mocksville,NC,DAVIE,1,37059,DAVIE
Mokena,IL,WILL,1,17197,WILL
Monee,IL,WILL,1,17197,WILL
Monett,MO,BARRY,3,29009,BARRY
Monmouth Beach,NJ,MONMOUTH,4,34025,MONMOUTH
Monroe,CT,FAIRFIELD,1,9001,FAIRFIELD
Monroe,LA,OUACHITA,2,,
Monroe,NC,UNION,1,37179,UNION
Monroe,NY,ORANGE,1,36071,ORANGE
Monterey,VA,HIGHLAND,1,51091,HIGHLAND
Montevideo,MN,CHIPPEWA,1,27023,CHIPPEWA
Montgomery,TX,MONTGOMERY,3,48339,MONTGOMERY
Montgomery Village,MD,MONTGOMERY,1,24031,MONTGOMERY
Montpelier,VT,WASHINGTON,1,50023,WASHINGTON
Mooreland,OK,WOODWARD,1,40153,WOODWARD
Mooresville,IN,MORGAN,1,18109,MORGAN
Moorhead,MN,CLAY,1,27027,CLAY
Moose Lake,MN,CARLTON,1,27017,CARLTON
Moravia,NY,CAYUGA,1,36011,CAYUGA
Morganton,NC,BURKE,1,37023,BURKE
Morris,OK,OKMULGEE,1,40111,OKMULGEE
Morrisonville,NY,CLINTON,1,36019,CLINTON
Morton,IL,TAZEWELL,1,17179,TAZEWELL
Morton Grove,IL,COOK,1,17031,COOK
Moselle,MS,JONES,1,28067,JONES
Mounds,OK,CREEK,2,40037,CREEK
Mundelein,IL,LAKE,2,17097,LAKE
Munster,IN,LAKE,2,18089,LAKE
Murray,KY,CALLOWAY,1,21035,CALLOWAY
Murrells Inlet,SC,HORRY,4,45051,HORRY
Muskegon,MI,MUSKEGON,1,26121,MUSKEGON
Myrtle Beach,SC,HORRY,0,45051,HORRY
Naperville,IL,DUPAGE,3,17043,DUPAGE
Naples,FL,COLLIER,1,12021,COLLIER
Nashua,NH,HILLSBOROUGH,2,33011,HILLSBOROUGH
National City,MI,IOSCO,1,26069,IOSCO
Neenah,WI,WINNEBAGO,2,55139,WINNEBAGO
Nevada,MO,VERNON,1,29217,VERNON
New Bern,NC,CRAVEN,1,37049,CRAVEN
New Braunfels,TX,COMAL,3,48091,COMAL
New Cumberland,PA,CUMBERLAND,1,42041,CUMBERLAND
New Germany,MN,CARVER,1,27019,CARVER
New Glarus,WI,GREEN,1,55045,GREEN
New Haven,CT,NEW HAVEN,1,9009,NEW HAVEN
New Holstein,WI,CALUMET,1,55015,CALUMET
New Iberia,LA,IBERIA,1,,
New Kensington,PA,WESTMORELAND,1,42129,WESTMORELAND
New London,NH,MERRIMACK,1,33013,MERRIMACK
New Orleans,LA,ORLEANS,2,,
New Richmond,WI,ST. CROIX,1,55109,ST. CROIX
New York,NY,NEW YORK,2,36061,NEW YORK
Newark,DE,NEW CASTLE,2,10003,NEW CASTLE
Newberg,OR,YAMHILL,1,41071,YAMHILL
Newburgh,IN,WARRICK,2,18173,WARRICK
Newburgh,NY,ORANGE,1,36071,ORANGE
Newbury,MA,ESSEX,1,25009,ESSEX
Newcastle,WY,WESTON,1,56045,WESTON
Newport,KY,CAMPBELL,1,21037,CAMPBELL
Newport,PA,PERRY,1,42099,PERRY
Newport,VT,ORLEANS,1,50019,ORLEANS
Newport News,VA,NEWPORT NEWS CITY,0,51700,NEWPORT NEWS CITY
Newton,MA,MIDDLESEX,1,25017,MIDDLESEX
Newton,NC,CATAWBA,6,37035,CATAWBA
Newton,NJ,SUSSEX,1,34037,SUSSEX
Nicholasville,KY,JESSAMINE,1,21113,JESSAMINE
Noblesville,IN,HAMILTON,1,18057,HAMILTON
Norfolk,VA,NORFOLK CITY,2,51710,NORFOLK CITY
Norman,OK,CLEVELAND,7,40027,CLEVELAND
Norristown,PA,MONTGOMERY,1,42091,MONTGOMERY
North East,PA,ERIE,4,42049,ERIE
North Fort Myers,FL,LEE,1,12071,LEE
North Little Rock,AR,PULASKI,1,5119,PULASKI
North Reading,MA,MIDDLESEX,0,25017,MIDDLESEX
North Tonawanda,NY,NIAGARA,1,36063,NIAGARA
North Versailles,PA,ALLEGHENY,1,42003,ALLEGHENY
Northborough,MA,WORCESTER,1,25027,WORCESTER
Northbrook,IL,COOK,1,17031,COOK
Northfield,MN,RICE,1,27131,RICE
Northford,CT,NEW HAVEN,1,9009,NEW HAVEN
Northport,NY,SUFFOLK,2,36103,SUFFOLK
Norwalk,CT,FAIRFIELD,1,9001,FAIRFIELD
Norway,ME,OXFORD,1,23017,OXFORD
Norwood,MA,NORFOLK,1,25021,NORFOLK
Norwood,NC,STANLY,1,37167,STANLY
Novato,CA,MARIN,2,6041,MARIN
Novelty,OH,GEAUGA,1,39055,GEAUGA
Novi,MI,OAKLAND,1,26125,OAKLAND
Oak Creek,WI,MILWAUKEE,1,55079,MILWAUKEE
Oak Lawn,IL,COOK,1,17031,COOK
Oakes,ND,DICKEY,1,38021,DICKEY
Oakland,CA,ALAMEDA,1,6001,ALAMEDA
Oakland,TX,COLORADO,2,48089,COLORADO
Oakton,VA,FAIRFAX,2,51059,FAIRFAX
Ocean Springs,MS,JACKSON,1,28059,JACKSON
Oceanside,CA,SAN DIEGO,1,6073,SAN DIEGO
Oconomowoc,WI,WAUKESHA,1,55133,WAUKESHA
Odell,IL,LIVINGSTON,2,17105,LIVINGSTON
Odon,IN,DAVIESS,1,18027,DAVIESS
Ogden,UT,WEBER,2,49057,WEBER
Ogema,WI,PRICE,1,55099,PRICE
Oklahoma City,OK,OKLAHOMA,7,40109,OKLAHOMA
Olathe,KS,JOHNSON,2,20091,JOHNSON
Old Fort,NC,MCDOWELL,1,37111,MCDOWELL
Old Lyme,CT,NEW LONDON,1,9011,NEW LONDON
Old Orchard Beach,ME,YORK,1,23031,YORK
Old Town,ME,PENOBSCOT,1,23019,PENOBSCOT
Oldtown,MD,ALLEGANY,2,24001,ALLEGANY
Omaha,NE,DOUGLAS,9,31055,DOUGLAS
Ontonagon,MI,ONTONAGON,1,26131,ONTONAGON
Ooltewah,TN,HAMILTON,2,47065,HAMILTON
Oracle,AZ,PINAL,2,4021,PINAL
Orange,CA,ORANGE,1,6059,ORANGE
Orange Park,FL,CLAY,1,12019,CLAY
Orlando,FL,ORANGE,1,12095,ORANGE
Orono,ME,PENOBSCOT,1,23019,PENOBSCOT
Osceola,WI,POLK,1,55095,POLK
Oscoda,MI,IOSCO,0,26069,IOSCO
Oshkosh,WI,WINNEBAGO,1,55139,WINNEBAGO
Oskaloosa,IA,MAHASKA,1,19123,MAHASKA
Overland Park,KS,JOHNSON,7,20091,JOHNSON
Oxford,OH,BUTLER,1,39017,BUTLER
Oxnard,CA,VENTURA,1,6111,VENTURA
Ozark,AL,DALE,1,1045,DALE
Ozark,AR,FRANKLIN,1,5047,FRANKLIN
Ozark,MO,CHRISTIAN,2,29043,CHRISTIAN
Ozawkie,KS,JEFFERSON,1,20087,JEFFERSON
Pacific Junction,IA,MILLS,0,19129,MILLS
Palisade,MN,AITKIN,1,27001,AITKIN
Palisades Park,NJ,BERGEN,1,34003,BERGEN
Palm Bay,FL,BREVARD,1,12009,BREVARD
Palm Desert,CA,RIVERSIDE,1,6065,RIVERSIDE
Palmer,MA,HAMPDEN,2,25013,HAMPDEN
Palos Hills,IL,COOK,2,17031,COOK
Panama City Beach,FL,BAY,1,12005,BAY
Papillion,NE,SARPY,1,31153,SARPY
Paragonah,UT,IRON,1,49021,IRON
Paris,ME,OXFORD,1,23017,OXFORD
Park Ridge,IL,COOK,1,17031,COOK
Parker,CO,DOUGLAS,1,8035,DOUGLAS
Parsons,WV,TUCKER,1,54093,TUCKER
Pasadena,CA,LOS ANGELES,2,6037,LOS ANGELES
Pasadena,TX,HARRIS,1,48201,HARRIS
Pasco,WA,FRANKLIN,1,53021,FRANKLIN
Paso Robles,CA,SAN LUIS OBISPO,0,6079,SAN LUIS OBISPO
Pass Christian,MS,HARRISON,2,28047,HARRISON
Pataskala,OH,LICKING,1,39089,LICKING
Patterson,LA,ST. MARY,2,,
Pawleys Island,SC,GEORGETOWN,1,45043,GEORGETOWN
Pawnee,OK,PAWNEE,2,40117,PAWNEE
Paynesville,MN,STEARNS,2,27145,STEARNS
Peabody,KS,MARION,1,20115,MARION
Peabody,MA,ESSEX,1,25009,ESSEX
Pearsall,TX,FRIO,1,48163,FRIO
Pekin,IL,TAZEWELL,1,17179,TAZEWELL
Pensacola,FL,ESCAMBIA,1,12033,ESCAMBIA
Peoria,IL,PEORIA,1,17143,PEORIA
Perley,MN,NORMAN,1,27107,NORMAN
Perry,MO,RALLS,1,29173,RALLS
Peru,NY,CLINTON,0,36019,CLINTON
Peshtigo,WI,MARINETTE,2,55075,MARINETTE
Pewaukee,WI,WAUKESHA,1,55133,WAUKESHA
Philadelphia,NY,JEFFERSON,1,36045,JEFFERSON
Phillips,WI,PRICE,1,55099,PRICE
Phoenix,AZ,MARICOPA,4,4013,MARICOPA
Piedmont,SC,GREENVILLE,2,45045,GREENVILLE
Pierre,SD,HUGHES,1,46065,HUGHES
Pigeon,MI,HURON,1,26063,HURON
Pinconning,MI,BAY,1,26017,BAY
Pinopolis,SC,BERKELEY,1,45015,BERKELEY
Piqua,OH,MIAMI,1,39109,MIAMI
Pittsburg,KS,CRAWFORD,1,20037,CRAWFORD
Pittsburgh,PA,ALLEGHENY,3,42003,ALLEGHENY
Pittsfield,PA,WARREN,1,42123,WARREN
Placerville,CA,EL DORADO,1,6017,EL DORADO
Plainview,NY,NASSAU,1,36059,NASSAU
Plano,TX,COLLIN,7,48085,COLLIN
Plant City,FL,HILLSBOROUGH,1,12057,HILLSBOROUGH
Plantation,FL,BROWARD,1,12011,BROWARD
Plattsburg,MO,CLINTON,1,29049,CLINTON
Pleasant Garden,NC,GUILFORD,1,37081,GUILFORD
Pleasant Grove,UT,UTAH,1,49049,UTAH
Pleasant Plain,OH,WARREN,1,39165,WARREN
Pleasantville,PA,VENANGO,1,42121,VENANGO
Plymouth,MA,PLYMOUTH,2,25023,PLYMOUTH
Port Aransas,TX,NUECES,2,48355,NUECES
Port Ewen,NY,ULSTER,2,36111,ULSTER
Port Haywood,VA,MATHEWS,1,51115,MATHEWS
Port Wing,WI,BAYFIELD,1,55007,BAYFIELD
Portage,MI,KALAMAZOO,2,26077,KALAMAZOO
Portage,WI,COLUMBIA,1,55021,COLUMBIA
Portland,CT,MIDDLESEX,1,9007,MIDDLESEX
Portland,ME,CUMBERLAND,1,23005,CUMBERLAND
Portland,OR,MULTNOMAH,7,41051,MULTNOMAH
Poway,CA,SAN DIEGO,1,6073,SAN DIEGO
Prairie Village,KS,JOHNSON,1,20091,JOHNSON
Prattsville,NY,GREENE,1,36039,GREENE
Princeton,WV,MERCER,51,54055,MERCER
Prior Lake,MN,SCOTT,2,27139,SCOTT
Pulaski,PA,LAWRENCE,1,42073,LAWRENCE
Quincy,MA,NORFOLK,2,25021,NORFOLK
Racine,WI,RACINE,1,55101,RACINE
Raleigh,NC,WAKE,1,37183,WAKE
Ramona,CA,SAN DIEGO,1,6073,SAN DIEGO
Rancho Santa Margarita,CA,ORANGE,2,6059,ORANGE
Rapid City,SD,PENNINGTON,2,46103,PENNINGTON
Red Hook,NY,DUTCHESS,1,36027,DUTCHESS
Red Wing,MN,GOODHUE,1,27049,GOODHUE
Redondo Beach,CA,LOS ANGELES,1,6037,LOS ANGELES
Reno,NV,WASHOE,3,32031,WASHOE
Reston,VA,FAIRFAX,3,51059,FAIRFAX
Reynoldsburg,OH,FRANKLIN,2,39049,FRANKLIN
Rice,TX,NAVARRO,2,48349,NAVARRO
Richardson,TX,DALLAS,1,48113,DALLAS
Richland Center,WI,RICHLAND,1,55103,RICHLAND
Richlands,NC,ONSLOW,1,37133,ONSLOW
Richlandtown,PA,BUCKS,1,42017,BUCKS
Richmond,IN,WAYNE,1,18177,WAYNE
Richmond,UT,CACHE,1,49005,CACHE
Richmond,VA,RICHMOND CITY,5,51760,RICHMOND CITY
Richmond Hill,GA,BRYAN,3,13029,BRYAN
Richville,MN,OTTER TAIL,1,27111,OTTER TAIL
Ridgefield,CT,FAIRFIELD,1,9001,FAIRFIELD
Ridgeland,SC,JASPER,1,45053,JASPER
Ridgewood,NJ,BERGEN,1,34003,BERGEN
Rio,WI,COLUMBIA,1,55021,COLUMBIA
Rochester,MN,OLMSTED,2,27109,OLMSTED
Rochester,NH,STRAFFORD,1,33017,STRAFFORD
Rochester,NY,MONROE,5,36055,MONROE
Rockbridge,OH,HOCKING,1,39073,HOCKING
Rockford,IL,WINNEBAGO,3,17201,WINNEBAGO
Rockport,TX,ARANSAS,1,48007,ARANSAS
Rocky Mount,NC,EDGECOMBE,1,37065,EDGECOMBE
Rogers,AR,BENTON,2,5007,BENTON
Rosemead,CA,LOS ANGELES,1,6037,LOS ANGELES
Roswell,GA,FULTON,1,13121,FULTON
Round Lake,NY,SARATOGA,1,36091,SARATOGA
Round Rock,TX,WILLIAMSON,1,48491,WILLIAMSON
Roxbury,CT,LITCHFIELD,1,9005,LITCHFIELD
Roy,UT,WEBER,1,49057,WEBER
Royal Oak,MI,OAKLAND,1,26125,OAKLAND
Rushville,IN,RUSH,1,18139,RUSH
Rye,NY,WESTCHESTER,2,36119,WESTCHESTER
Sachse,TX,DALLAS,1,48113,DALLAS
Saco,ME,YORK,1,23031,YORK
Sag Harbor,NY,SUFFOLK,4,36103,SUFFOLK
Saginaw,MI,SAGINAW,1,26145,SAGINAW
Salado,TX,BELL,1,48027,BELL
Salem,CT,NEW LONDON,1,9011,NEW LONDON
Salem,MA,ESSEX,1,25009,ESSEX
Salem,MO,DENT,1,29065,DENT
Salem,WI,KENOSHA,2,55059,KENOSHA
Salisbury,MA,ESSEX,3,25009,ESSEX
Salisbury,NC,ROWAN,1,37159,ROWAN
Salt Lake City,UT,SALT LAKE,3,49035,SALT LAKE
San Antonio,TX,BEXAR,1,48029,BEXAR
San Diego,CA,SAN DIEGO,4,6073,SAN DIEGO
San Leandro,CA,ALAMEDA,1,6001,ALAMEDA
San Luis Obispo,CA,SAN LUIS OBISPO,1,6079,SAN LUIS OBISPO
San Marcos,TX,HAYS,4,48209,HAYS
San Ramon,CA,CONTRA COSTA,1,6013,CONTRA COSTA
Sanbornton,NH,BELKNAP,1,33001,BELKNAP
Sand Springs,OK,TULSA,2,40143,TULSA
Sandusky,MI,SANILAC,2,26151,SANILAC
Sandy,UT,SALT LAKE,1,49035,SALT LAKE
Sanford,ME,YORK,1,23031,YORK
Santa Clarita,CA,LOS ANGELES,2,6037,LOS ANGELES
Santa Fe,NM,SANTA FE,2,35049,SANTA FE
Santa Rosa Beach,FL,WALTON,1,12131,WALTON
Sapulpa,OK,CREEK,1,40037,CREEK
Saratoga Springs,UT,UTAH,1,49049,UTAH
Satellite Beach,FL,BREVARD,1,12009,BREVARD
Savage,MN,SCOTT,1,27139,SCOTT
Savanna,IL,CARROLL,15,17015,CARROLL
Savannah,GA,CHATHAM,3,13051,CHATHAM
Savannah,NY,WAYNE,1,36117,WAYNE
Schaumburg,IL,COOK,2,17031,COOK
Schenectady,NY,SCHENECTADY,4,36093,SCHENECTADY
Schoolcraft,MI,KALAMAZOO,1,26077,KALAMAZOO
Scottsville,NY,MONROE,1,36055,MONROE
Seaford,NY,NASSAU,1,36059,NASSAU
Seaford,VA,YORK,1,51199,YORK
Seguin,TX,GUADALUPE,18,48187,GUADALUPE
Seneca,SC,OCONEE,1,45073,OCONEE
Seymour,CT,NEW HAVEN,0,9009,NEW HAVEN
Seymour,TN,SEVIER,1,47155,SEVIER
Shakopee,MN,SCOTT,2,27139,SCOTT
Shannon,NC,ROBESON,1,37155,ROBESON
Sharon,MA,NORFOLK,1,25021,NORFOLK
Sharon,PA,MERCER,1,42085,MERCER
Shawano,WI,SHAWANO,1,55115,SHAWANO
Shawnee,KS,JOHNSON,1,20091,JOHNSON
Sheboygan,WI,SHEBOYGAN,4,55117,SHEBOYGAN
Shelby,NC,CLEVELAND,1,37045,CLEVELAND
Shell Lake,WI,WASHBURN,4,55129,WASHBURN
Shelton,CT,FAIRFIELD,1,9001,FAIRFIELD
Sherborn,MA,MIDDLESEX,2,25017,MIDDLESEX
Sherman,TX,GRAYSON,1,48181,GRAYSON
Simi Valley,CA,VENTURA,1,6111,VENTURA
Simpsonville,KY,SHELBY,2,21211,SHELBY
Simpsonville,SC,GREENVILLE,1,45045,GREENVILLE
Sinking Spring,OH,HIGHLAND,2,39071,HIGHLAND
Sioux Falls,SD,MINNEHAHA,1,46099,MINNEHAHA
Skaneateles,NY,ONONDAGA,1,36067,ONONDAGA
Skokie,IL,COOK,3,17031,COOK
Slidell,LA,ST. TAMMANY,1,,
Slocomb,AL,GENEVA,1,1061,GENEVA
Smith River,CA,DEL NORTE,2,6015,DEL NORTE
Smithfield,VA,ISLE OF WIGHT,1,51093,ISLE OF WIGHT
Smyrna,DE,KENT,4,10001,KENT
Smyrna,GA,COBB,1,13067,COBB
Snow Hill,MD,WORCESTER,1,24047,WORCESTER
Snyder,CO,MORGAN,1,8087,MORGAN
Solon Springs,WI,DOUGLAS,1,55031,DOUGLAS
Somers,CT,TOLLAND,1,9013,TOLLAND
Somerset,MA,BRISTOL,1,25005,BRISTOL
Souderton,PA,MONTGOMERY,1,42091,MONTGOMERY
South Bend,IN,ST. JOSEPH,1,18141,ST. JOSEPH
South Burlington,VT,CHITTENDEN,1,50007,CHITTENDEN
South Glens Falls,NY,SARATOGA,1,36091,SARATOGA
South Haven,MI,VAN BUREN,2,26159,VAN BUREN
South Hero,VT,GRAND ISLE,1,50013,GRAND ISLE
South Portland,ME,CUMBERLAND,3,23005,CUMBERLAND
Southern Pines,NC,MOORE,1,37125,MOORE
Southport,NC,BRUNSWICK,1,37019,BRUNSWICK
Sparks,NV,WASHOE,2,32031,WASHOE
Sparks Glencoe,MD,BALTIMORE,1,24005,BALTIMORE
Spicewood,TX,TRAVIS,1,48453,TRAVIS
Spring,TX,HARRIS,1,48201,HARRIS
Spring City,PA,CHESTER,2,42029,CHESTER
Spring Grove,IL,MCHENRY,1,17111,MCHENRY
Spring Lake,MI,OTTAWA,1,26139,OTTAWA
Springfield,MO,GREENE,4,29077,GREENE
Springfield,VA,FAIRFAX,2,51059,FAIRFAX
Springville,IA,LINN,1,19113,LINN
Springville,NY,ERIE,1,36029,ERIE
Stanardsville,VA,GREENE,1,51079,GREENE
Standish,ME,CUMBERLAND,1,23005,CUMBERLAND
Stapleton,NE,LOGAN,1,31113,LOGAN
Statesboro,GA,BULLOCH,1,13031,BULLOCH
Statesville,NC,IREDELL,1,37097,IREDELL
Sterling,VA,LOUDOUN,1,51107,LOUDOUN
Sterling Heights,MI,MACOMB,2,26099,MACOMB
Stevens Point,WI,PORTAGE,2,55097,PORTAGE
Stevensville,MD,QUEEN ANNES,0,,
Stevensville,MI,BERRIEN,1,26021,BERRIEN
Stillwater,OK,PAYNE,1,40119,PAYNE
Stockbridge,MA,BERKSHIRE,1,25003,BERKSHIRE
Stockton,CA,SAN JOAQUIN,1,6077,SAN JOAQUIN
Stone Mountain,GA,DEKALB,1,13089,DEKALB
Stonington,CT,NEW LONDON,3,9011,NEW LONDON
Stoughton,MA,NORFOLK,1,25021,NORFOLK
Stoughton,WI,DANE,1,55025,DANE
Streator,IL,LA SALLE,1,,
Stuart,FL,MARTIN,1,12085,MARTIN
Sturgeon Bay,WI,DOOR,1,55029,DOOR
Sturgis,MI,ST. JOSEPH,2,26149,ST. JOSEPH
Suffolk,VA,SUFFOLK CITY,1,51800,SUFFOLK CITY
Sullivan,WI,JEFFERSON,1,55055,JEFFERSON
Summerfield,FL,MARION,5,12083,MARION
Sunbury,PA,NORTHUMBERLAND,1,42097,NORTHUMBERLAND
Superior,WI,DOUGLAS,1,55031,DOUGLAS
Sussex,WI,WAUKESHA,2,55133,WAUKESHA
Suttons Bay,MI,LEELANAU,2,26089,LEELANAU
Swampscott,MA,ESSEX,2,25009,ESSEX
Swarthmore,PA,DELAWARE,1,42045,DELAWARE
Syracuse,NY,ONONDAGA,2,36067,ONONDAGA
Tabernacle,NJ,BURLINGTON,1,34005,BURLINGTON
Tahlequah,OK,CHEROKEE,1,40021,CHEROKEE
Tallahassee,FL,LEON,0,12073,LEON
Tampa,FL,HILLSBOROUGH,2,12057,HILLSBOROUGH
Tamworth,NH,CARROLL,3,33003,CARROLL
Taylor,TX,WILLIAMSON,3,48491,WILLIAMSON
Temecula,CA,RIVERSIDE,2,6065,RIVERSIDE
Tempe,AZ,MARICOPA,1,4013,MARICOPA
Temperance,MI,MONROE,1,26115,MONROE
Temple,TX,BELL,1,48027,BELL
Terre Haute,IN,VIGO,2,18167,VIGO
Thibodaux,LA,LAFOURCHE,1,,
Thief River Falls,MN,PENNINGTON,1,27113,PENNINGTON
Thomas,WV,TUCKER,2,54093,TUCKER
Tiffin,IA,JOHNSON,1,19103,JOHNSON
Tinley Park,IL,COOK,2,17031,COOK
Tolland,CT,TOLLAND,2,9013,TOLLAND
Tollesboro,KY,LEWIS,1,21135,LEWIS
Topeka,KS,SHAWNEE,4,20177,SHAWNEE
Topsham,ME,SAGADAHOC,1,23023,SAGADAHOC
Torrey,UT,WAYNE,2,49055,WAYNE
Trappe,MD,TALBOT,0,24041,TALBOT
Traverse City,MI,GRAND TRAVERSE,4,26055,GRAND TRAVERSE
Trent,SD,MOODY,1,46101,MOODY
Tridell,UT,UINTAH,1,49047,UINTAH
Trout Lake,MI,CHIPPEWA,2,26033,CHIPPEWA
Troy,MI,OAKLAND,1,26125,OAKLAND
Tulsa,OK,TULSA,9,40143,TULSA
Tunica,MS,TUNICA,1,28143,TUNICA
Tupper Lake,NY,FRANKLIN,5,36033,FRANKLIN
Tuscola,IL,DOUGLAS,1,17041,DOUGLAS
Tuttle,OK,GRADY,1,40051,GRADY
Tuxedo Park,NY,ORANGE,0,36071,ORANGE
Two Harbors,MN,LAKE,1,27075,LAKE
Two Rivers,WI,MANITOWOC,1,55071,MANITOWOC
Tybee Island,GA,CHATHAM,1,13051,CHATHAM
Unionville,NY,ORANGE,5,36071,ORANGE
Vacaville,CA,SOLANO,1,6095,SOLANO
Valley City,ND,BARNES,1,38003,BARNES
Valparaiso,IN,PORTER,6,18127,PORTER
Vass,NC,MOORE,1,37125,MOORE
Vermillion,SD,CLAY,1,46027,CLAY
Vermontville,NY,FRANKLIN,12,36033,FRANKLIN
Vernal,UT,UINTAH,3,49047,UINTAH
Vernon Hill,VA,HALIFAX,1,51083,HALIFAX
Versailles,KY,WOODFORD,2,21239,WOODFORD
Victoria,TX,VICTORIA,2,48469,VICTORIA
Virginia Beach,VA,VIRGINIA BEACH CITY,8,51810,VIRGINIA BEACH CITY
Viroqua,WI,VERNON,2,55123,VERNON
Wahoo,NE,SAUNDERS,1,31155,SAUNDERS
Wake Forest,NC,WAKE,2,37183,WAKE
Wallingford,CT,NEW HAVEN,1,9009,NEW HAVEN
Walnut Creek,CA,CONTRA COSTA,3,6013,CONTRA COSTA
Walpole,MA,NORFOLK,1,25021,NORFOLK
Walworth,NY,WAYNE,1,36117,WAYNE
Walworth,WI,WALWORTH,1,55127,WALWORTH
Wamego,KS,POTTAWATOMIE,1,20149,POTTAWATOMIE
Wanaque,NJ,PASSAIC,1,34031,PASSAIC
Warren,ME,KNOX,1,23013,KNOX
Warren,MI,MACOMB,3,26099,MACOMB
Warrens,WI,MONROE,1,55081,MONROE
Warsaw,IN,KOSCIUSKO,1,18085,KOSCIUSKO
Wartburg,TN,MORGAN,2,47129,MORGAN
Washington,NC,BEAUFORT,1,37013,BEAUFORT
Washington Court House,OH,FAYETTE,1,39047,FAYETTE
Waterbury Center,VT,WASHINGTON,1,50023,WASHINGTON
Waterford,CT,NEW LONDON,1,9011,NEW LONDON
Waterford,NY,SARATOGA,1,36091,SARATOGA
Watertown,MA,MIDDLESEX,2,25017,MIDDLESEX
Watertown,SD,CODINGTON,2,46029,CODINGTON
Waterville,ME,KENNEBEC,1,23011,KENNEBEC
Watsontown,PA,NORTHUMBERLAND,2,42097,NORTHUMBERLAND
Wattsburg,PA,ERIE,1,42049,ERIE
Waukegan,IL,LAKE,1,17097,LAKE
Waukesha,WI,WAUKESHA,2,55133,WAUKESHA
Waunakee,WI,DANE,1,55025,DANE
Waupaca,WI,WAUPACA,1,55135,WAUPACA
Wausau,WI,MARATHON,2,55073,MARATHON
Wauseon,OH,FULTON,1,39051,FULTON
Waverly,IL,MORGAN,1,17137,MORGAN
Waxahachie,TX,ELLIS,2,48139,ELLIS
Waynesville,OH,WARREN,2,39165,WARREN
Webster,NY,MONROE,3,36055,MONROE
Webster,TX,HARRIS,1,48201,HARRIS
Weimar,TX,COLORADO,1,48089,COLORADO
Welaka,FL,PUTNAM,1,12107,PUTNAM
Wellesley,MA,NORFOLK,1,25021,NORFOLK
Wellsville,NY,ALLEGANY,1,36003,ALLEGANY
Wenham,MA,ESSEX,1,25009,ESSEX
Wernersville,PA,BERKS,1,42011,BERKS
West Boylston,MA,WORCESTER,1,25027,WORCESTER
West Chester,PA,CHESTER,1,42029,CHESTER
West Covina,CA,LOS ANGELES,1,6037,LOS ANGELES
West Hartford,CT,HARTFORD,1,9003,HARTFORD
West Haverstraw,NY,ROCKLAND,1,36087,ROCKLAND
West Jefferson,NC,ASHE,1,37009,ASHE
West Liberty,IA,MUSCATINE,1,19139,MUSCATINE
West Orange,NJ,ESSEX,1,34013,ESSEX
West Palm Beach,FL,PALM BEACH,1,12099,PALM BEACH
West Union,OH,ADAMS,4,39001,ADAMS
Westernport,MD,ALLEGANY,1,24001,ALLEGANY
Westfield,NJ,UNION,1,34039,UNION
Westhampton Beach,NY,SUFFOLK,1,36103,SUFFOLK
Westlake,OH,CUYAHOGA,1,39035,CUYAHOGA
Westland,MI,WAYNE,3,26163,WAYNE
Westmont,IL,DUPAGE,1,17043,DUPAGE
Weston,CT,FAIRFIELD,2,9001,FAIRFIELD
Wharton,TX,WHARTON,3,48481,WHARTON
Wheaton,IL,DUPAGE,1,17043,DUPAGE
Wheeling,WV,OHIO,1,54069,OHIO
White Cloud,MI,NEWAYGO,1,26123,NEWAYGO
Whites City,NM,EDDY,5,35015,EDDY
Whitewater,WI,WALWORTH,1,55127,WALWORTH
Whiting,IN,LAKE,1,18089,LAKE
Whitney Point,NY,BROOME,1,36007,BROOME
Whitsett,NC,GUILFORD,1,37081,GUILFORD
Wichita,KS,SEDGWICK,12,20173,SEDGWICK
Williamsburg,MA,HAMPSHIRE,1,25015,HAMPSHIRE
Williamsburg,VA,JAMES CITY,1,51095,JAMES CITY
Williamston,SC,ANDERSON,1,45007,ANDERSON
Willington,CT,TOLLAND,1,9013,TOLLAND
Willis,MI,WASHTENAW,1,26161,WASHTENAW
Williston,VT,CHITTENDEN,1,50007,CHITTENDEN
Wilmette,IL,COOK,3,17031,COOK
Wilmington,NC,NEW HANOVER,1,37129,NEW HANOVER
Wilmington,OH,CLINTON,3,39027,CLINTON
Wilton,CT,FAIRFIELD,1,9001,FAIRFIELD
Winchendon,MA,WORCESTER,1,25027,WORCESTER
Winchester,KY,CLARK,1,21049,CLARK
Winchester,VA,WINCHESTER CITY,2,51840,WINCHESTER CITY
Windber,PA,SOMERSET,1,42111,SOMERSET
Windsor,ME,KENNEBEC,1,23011,KENNEBEC
Windsor,VT,WINDSOR,1,50027,WINDSOR
Winnsboro,SC,FAIRFIELD,1,45039,FAIRFIELD
Winona,MN,WINONA,1,27169,WINONA
Winter Harbor,ME,HANCOCK,1,23009,HANCOCK
Woburn,MA,MIDDLESEX,1,25017,MIDDLESEX
Woodbridge,CT,NEW HAVEN,2,9009,NEW HAVEN
Woodbridge,VA,PRINCE WILLIAM,1,51153,PRINCE WILLIAM
Woodland,CA,YOLO,2,6113,YOLO
Woodruff,WI,ONEIDA,1,55085,ONEIDA
Woodstock,GA,CHEROKEE,2,13057,CHEROKEE
Woodstock,VT,WINDSOR,1,50027,WINDSOR
Worcester,MA,WORCESTER,3,25027,WORCESTER
Wright,MN,CARLTON,2,27017,CARLTON
Wynnewood,PA,MONTGOMERY,1,42091,MONTGOMERY
Xenia,OH,GREENE,1,39057,GREENE
Yonkers,NY,WESTCHESTER,2,36119,WESTCHESTER
York,PA,YORK,3,42133,YORK
Yorktown,VA,YORK,2,51199,YORK
Youngsville,LA,LAFAYETTE,2,,
Ypsilanti,MI,WASHTENAW,3,26161,WASHTENAW
Yukon,OK,CANADIAN,2,40017,CANADIAN
Zimmerman,MN,SHERBURNE,1,27141,SHERBURNE
